# J,90s,GC,GPC,TD,GC.1,OG,PSxG,PSxG/SoT,PSxG+/-,/90,Cmp,Att,Cmp%,Tent. de passes (Gol.),Pas,Lançamentos%,CompMéd,Att.1,Lançamentos%.1,CompMéd.1,Oponente,Stp,Stp%,#OPA,#OPA/90,DistMéd,Country
2.5,38.0,45.13,4.84,0.95,5.52,1.11,480.45,26.65,40.25,10.6,170.93,450.77,377.34,783.82,151.94,395.73,351.85,309.51,463.34,382.68,568.69,26.19,46.33,26.24,69.07,115.38775510204081,BR
2.0,38.0,54.59,4.28,0.87,6.91,1.98,501.81,27.83,-24.29,-6.37,181.41,522.65,349.45,996.43,175.15,385.94,347.35,274.18,530.93,413.97,527.57,29.27,56.48,42.84,112.71,138.75510204081633,EN
2.2,38.0,48.06,4.91,0.78,5.15,1.33,467.71,27.68,0.41,0.16,227.33,599.55,379.61,954.43,155.82,447.04,373.17,299.24,608.05,465.52,533.95,25.51,47.87,42.6,112.11,146.8265306122449,SP
2.0,34.0,53.55555555555556,4.2,0.9,5.955555555555556,1.4777777777777779,496.31111111111113,29.31111111111111,-24.466666666666665,-7.266666666666667,194.63333333333333,500.27777777777777,384.65555555555557,1103.7111111111112,161.86666666666667,342.55555555555554,331.97777777777776,261.4,448.8666666666667,390.8888888888889,470.7111111111111,23.644444444444446,50.18888888888889,47.25555555555555,139.0222222222222,146.375,GE
2.48,38.0,53.69,5.76,1.05,5.93,1.58,493.78,26.47,-27.32,-7.2,180.18,473.18,389.07,980.98,168.5,357.98,328.2551020408163,293.44,423.19,361.85,521.2,22.52,43.81,32.06,84.34,139.6,IT
