SCA,SCA90,PassLive,PassDead,TO,Sh,Fld,Def,GCA,GCA90,PassLive.1,PassDead.1,TO.1,Sh.1,Fld.1,Def.1,Country
877.84,23.101099999999995,628.21,79.63,53.58,50.25,52.39,13.78,75.46,1.9862,50.12,5.36,5.43,7.68,5.97,0.9,BR
849.33,22.351100000000002,618.4,71.65,50.47,52.64,42.68,13.49,90.94,2.3929,63.51,5.8,6.45,7.6,6.02,1.56,EN
775.02,20.3957,556.9,73.47,46.26,42.7,43.28,12.41,80.28,2.1123000000000003,55.82,5.44,5.67,6.43,5.58,1.34,SP
767.9888888888889,22.587777777777777,548.0111111111111,73.71111111111111,43.82222222222222,49.1,41.577777777777776,11.766666666666667,90.07777777777778,2.649888888888889,63.28888888888889,6.222222222222222,6.155555555555556,7.4,5.944444444444445,1.0666666666666667,GE
866.16,22.793499999999998,629.45,76.16,47.78,55.02,43.99,13.76,89.78,2.3630999999999998,62.3,5.53,5.99,8.19,6.49,1.28,IT
