# J,90s,SCA,SCA90,Passe em jogo,Passe de bola parada,TO,TC,FltsP,Def,GCA,GCA90,Passe em jogo.1,Passe de bola parada.1,TO.1,TC.1,FltsP.1,Def.1,Country
37.11,38.0,877.6,2309.48,628.01,79.63,53.56,50.24,52.38,13.78,75.41,198.49,50.09,5.36,5.42,7.68,5.96,0.9,BR
27.49,38.0,849.33,2235.11,618.4,71.65,50.47,52.64,42.68,13.49,90.94,239.29,63.51,5.8,6.45,7.6,6.02,1.56,EN
29.74,38.0,775.02,2039.57,556.9,73.47,46.26,42.7,43.28,12.41,80.28,211.23,55.82,5.44,5.67,6.43,5.58,1.34,SP
28.31111111111111,34.0,767.9888888888889,2258.777777777778,548.0111111111111,73.71111111111111,43.82222222222222,49.1,41.577777777777776,11.766666666666667,90.07777777777778,264.9888888888889,63.28888888888889,6.222222222222222,6.155555555555556,7.4,5.944444444444445,1.0666666666666667,GE
30.7,38.0,866.16,2279.35,629.45,76.16,47.78,55.02,43.99,13.76,89.78,236.31,62.3,5.53,5.99,8.19,6.49,1.28,IT
