# J,MP,Inícios,Min.,90s,GC,GC90,CaGC,Defesas,%Defesas,V,E,D,SV,%SV,PT,GPC,Psv,GPp,%Defesas.1,Country
2.5,38.0,38.0,3.4197300000000017,38.0,45.13,118.71,162.68,117.75,753.72,13.75,10.5,13.75,11.48,302.04,6.18,4.84,0.91,0.43,169.40404040404042,BR
2.0,38.0,38.0,3.419900000000001,38.0,54.59,143.66,165.79,112.41,697.2,14.68,8.64,14.68,10.07,265.05,5.26,4.28,0.67,0.31,133.16326530612244,EN
2.2,38.0,38.0,3.4196000000000013,38.0,48.06,126.43,150.19,102.31,714.0,13.79,10.42,13.79,11.13,292.86,6.43,4.91,1.14,0.38,183.77,SP
2.0,34.0,34.0,3.0598888888888887,34.0,53.55555555555556,157.54444444444445,156.0888888888889,103.21111111111111,684.5111111111111,12.8,8.4,12.8,7.622222222222222,224.1888888888889,5.311111111111111,4.2,0.8,0.3111111111111111,172.8426966292135,GE
2.48,38.0,38.0,3.419880000000002,38.0,53.69,141.3,163.65,110.52,708.61,14.09,9.82,14.09,9.41,247.63,7.18,5.76,1.01,0.41,150.01,IT
