# J,90s,CrtsA,CrtV,2CrdY,Fts,FltsP,Desativado,Crz,Crts,TklW,Pênaltis convertidos,PKcon,OG,Recuperação,Ganhos,Perdas,Ganhos%,Country
37.11,38.0,90.75,4.91,1.93,555.26,525.41,56.81,719.6,381.95,358.85,4.21,6.19,1.11,1845.99,560.78,560.62,500.14,BR
27.49,38.0,68.33,2.24,0.96,407.19,390.85,65.96,680.59,364.11,364.8,4.23,5.26,1.98,1980.53,591.58,591.58,500.92,EN
29.74,38.0,93.64,4.84,2.07,502.48,473.65,80.33,699.04,344.28,348.45,4.36,6.45,1.33,1918.99,597.87,597.87,501.41,SP
28.31111111111111,34.0,66.03333333333333,2.3333333333333335,1.2333333333333334,404.5,385.1777777777778,65.04444444444445,604.1222222222223,356.3666666666667,325.68888888888887,3.933333333333333,5.311111111111111,1.4777777777777779,1884.0555555555557,561.6111111111111,561.6,501.56666666666666,GE
30.7,38.0,87.27,3.95,1.92,497.05,467.01,65.19,671.52,356.3,332.27,5.18,7.18,1.58,1920.65,532.56,532.56,501.03,IT
