# J,90s,Cmp,Att,Cmp%,DistTot,DistPrg,Cmp.1,Att.1,Cmp%.1,Cmp.2,Att.2,Cmp%.2,Cmp.3,Att.3,Cmp%.3,Assis.,xAG,xA,A-xAG,KP,1/3,PPA,CrsPA,PrgP,Country
37.11,38.0,14164.71,17775.22,793.83,255684.2,92432.89,6211.69,7030.13,880.56,6005.61,7012.82,853.83,1584.9,2787.51,567.19,29.79,34.016999999999996,31.709,-4.227,371.66,1201.24,266.42,80.14,1493.54,BR
27.49,38.0,15200.95,19198.57,783.16,262487.43,92702.42,7116.84,8066.83,876.03,6167.19,7219.12,846.33,1454.49,2773.75,524.88,37.21,37.865,33.309,-0.655,360.28,1138.86,308.56,70.72,1440.88,EN
29.74,38.0,14103.56,18086.7,769.98,251863.79,93241.49,6438.26,7332.92,869.36,5605.68,6644.39,834.91,1605.62,2998.28,537.39,32.67,33.73499999999999,32.965999999999994,-1.0650000000000002,326.97,1085.76,278.01,82.28,1383.52,SP
28.31111111111111,34.0,13253.122222222222,17057.166666666668,768.9666666666667,240003.17777777778,90914.5,5692.022222222222,6608.366666666667,852.9111111111112,5708.711111111111,6731.955555555555,841.5333333333333,1479.5333333333333,2702.8555555555554,547.2222222222222,38.13333333333333,36.29666666666667,38.29,1.836666666666667,328.1333333333333,973.0222222222222,266.65555555555557,72.61111111111111,1284.5777777777778,GE
30.7,38.0,14866.71,18575.0,795.12,264408.4,95319.34,6658.13,7529.07,879.75,6178.93,7180.98,855.96,1612.87,2817.95,571.0,35.66,35.836000000000006,31.528000000000002,-0.17600000000000002,370.5,1113.62,300.65,83.35,1418.58,IT
