Cmp,Att,Cmp%,TotDist,PrgDist,Cmp.1,Att.1,Cmp%.1,Cmp.2,Att.2,Cmp%.2,Cmp.3,Att.3,Cmp%.3,Ast,xAG,xA,A-xAG,KP,1/3,PPA,CrsPA,PrgP,Country
14164.71,17775.22,79.383,255684.2,92432.89,6211.69,7030.13,88.056,6005.61,7012.82,85.383,1584.9,2787.51,56.718999999999994,29.79,34.016999999999996,31.709,-4.227,371.66,1201.24,266.42,80.14,1493.54,BR
15200.95,19198.57,78.31600000000002,262487.43,92702.42,7116.84,8066.83,87.60300000000001,6167.19,7219.12,84.633,1454.49,2773.75,52.488,37.21,37.864000000000004,33.309,-0.654,360.28,1138.86,308.56,70.72,1440.88,EN
14103.56,18086.7,76.998,251863.79,93241.49,6438.26,7332.92,86.93599999999998,5605.68,6644.39,83.491,1605.62,2998.28,53.739000000000004,32.67,33.73499999999999,32.965999999999994,-1.0650000000000002,326.97,1085.76,278.01,82.28,1383.52,SP
13253.122222222222,17057.166666666668,76.89666666666668,240003.17777777778,90914.5,5692.022222222222,6608.366666666667,85.2911111111111,5708.711111111111,6731.955555555555,84.15333333333334,1479.5333333333333,2702.8555555555554,54.722222222222214,38.13333333333333,36.29666666666667,38.29,1.836666666666667,328.1333333333333,973.0222222222222,266.65555555555557,72.61111111111111,1284.5777777777778,GE
14866.71,18575.0,79.512,264408.4,95319.34,6658.13,7529.07,87.97500000000002,6178.93,7180.98,85.596,1612.87,2817.95,57.099999999999994,35.66,35.836000000000006,31.528000000000002,-0.17600000000000002,370.5,1113.62,300.65,83.35,1418.58,IT
