Rk,MP,W,D,L,GF,GA,GD,Pts,Pts/MP,xG,xGA,xGD,xGD/90,Attendance,Country
10.5,38.0,13.75,10.5,13.75,45.13,45.13,0.0,51.75,1.3617,48.53400000000001,48.53499999999999,0.0009999999999997656,-9.999999999999065e-05,19272.2375,BR
10.5,38.0,14.68,8.64,14.68,54.59,54.59,0.0,52.58,1.3837000000000002,52.96499999999999,52.968999999999994,-0.005999999999999872,-0.00010000000000000231,29728.45,EN
10.5,38.0,13.79,10.42,13.79,48.06,48.06,0.0,51.79,1.3632000000000002,47.85100000000001,47.851000000000006,0.0010000000000000852,-0.0005000000000000038,24352.785714285714,SP
9.5,34.0,12.8,8.4,12.8,53.55555555555556,53.55555555555556,0.0,46.8,1.3763333333333334,50.29111111111112,50.292222222222236,-0.0011111111111108901,-0.0002222222222222249,26760.2,GE
10.5,38.0,14.09,9.82,14.09,53.72,53.72,0.0,51.99,1.3680999999999994,51.221000000000004,51.22999999999999,-0.0010000000000001564,0.0006000000000000072,19212.93,IT
