# J,90s,Gols,TC,CaG,SoT%,Sh/90,SoT/90,G/Sh,G/SoT,Dist,FK,PB,PT,xG,npxG,npxG/Sh,G-xG,np:G-xG,Country
37.11,38.0,44.02,495.53,156.92,315.62,1303.99,412.92,7.88,24.76,195.3,25.03,4.84,6.19,48.53500000000001,43.79,9.03,-4.515000000000001,-4.61,BR
27.49,38.0,52.61,479.1,160.84,334.28,1260.81,423.28,9.92,29.53,171.98,16.61,4.28,5.26,52.966,48.89499999999999,10.39,-0.3559999999999999,-0.5650000000000001,EN
29.74,38.0,46.73,436.78,144.13,328.24,1149.49,379.27,9.52,28.7,180.25,17.6,4.91,6.44,47.851000000000006,42.867000000000004,10.04,-1.121,-1.047,SP
28.31111111111111,34.0,52.077777777777776,438.3666666666667,151.0888888888889,342.02222222222224,1289.3444444444444,444.34444444444443,10.777777777777779,31.2,174.5888888888889,14.077777777777778,4.2,5.311111111111111,50.29111111111111,46.18333333333332,10.7,1.7866666666666664,1.6944444444444444,GE
30.7,38.0,52.11,488.97,156.88,319.35,1286.76,412.87,9.43,29.16,179.55,18.64,5.76,7.18,51.22100000000001,45.708,9.56,0.8890000000000002,0.642,IT
