Gls,Sh,SoT,SoT%,Sh/90,SoT/90,G/Sh,G/SoT,Dist,FK,PK,PKatt,xG,npxG,npxG/Sh,G-xG,np:G-xG,Country
44.02,495.53,156.92,31.562,13.044,4.127999999999999,0.09099999999999998,0.24399999999999994,19.529999999999998,25.03,4.84,6.19,48.53500000000001,43.79,0.09999999999999998,-4.515000000000001,-4.61,BR
52.61,479.1,160.84,33.428000000000004,12.606000000000002,4.232,0.09699999999999998,0.29799999999999993,17.198,16.61,4.28,5.26,52.965,48.89499999999999,0.09999999999999998,-0.355,-0.5650000000000001,EN
46.73,436.78,144.13,32.824,11.493,3.7969999999999997,0.09999999999999998,0.28300000000000003,18.025,17.6,4.91,6.44,47.851000000000006,42.867000000000004,0.09999999999999998,-1.121,-1.047,SP
52.077777777777776,438.3666666666667,151.0888888888889,34.20222222222222,12.891111111111108,4.44,0.10666666666666665,0.3111111111111111,17.45888888888889,14.077777777777778,4.2,5.311111111111111,50.29111111111111,46.18333333333332,0.10111111111111108,1.7866666666666664,1.6944444444444444,GE
52.11,488.97,156.88,31.935000000000006,12.863000000000001,4.126,0.09699999999999998,0.29,17.955,18.64,5.76,7.18,51.22100000000001,45.708,0.09999999999999998,0.8890000000000002,0.642,IT
