# Pl,Age,Poss,Gls,Ast,G+A,G-PK,PK,PKatt,CrdY,CrdR,xG,npxG,xAG,npxG+xAG,PrgC,PrgP,Country
37.11,27.097999999999992,49.997,44.02,29.79,73.81,39.18,4.84,6.19,90.75,4.91,48.53400000000001,43.79,34.016999999999996,77.807,664.45,1493.86,BR
27.49,26.554999999999996,50.00200000000001,52.61,37.21,89.82,48.33,4.28,5.26,68.33,2.24,52.965,48.89499999999999,37.864000000000004,86.77000000000002,688.22,1440.88,EN
29.74,27.335,50.00000000000001,46.73,32.67,79.4,41.82,4.91,6.44,93.64,4.84,47.851000000000006,42.867000000000004,33.73499999999999,76.60600000000001,634.67,1383.52,SP
28.31111111111111,26.263333333333332,49.99444444444443,52.077777777777776,38.13333333333333,90.21111111111111,47.87777777777778,4.2,5.311111111111111,66.03333333333333,2.3333333333333335,50.29111111111111,46.18333333333332,36.29666666666667,82.47555555555556,558.7333333333333,1284.5777777777778,GE
30.7,26.798000000000002,50.003000000000014,52.11,35.66,87.77,46.35,5.76,7.18,87.27,3.95,51.22100000000001,45.708,35.836000000000006,81.542,687.13,1418.58,IT
