# J,Idade,Posse,MP,Inícios,Min.,90s,Gols,Assis.,G+A,G-PB,PB,PT,CrtsA,CrtV,xG,npxG,xAG,npxG+xAG,PrgC,PrgP,Gols.1,Assis..1,G+A.1,G-PB.1,G+A-PB,xG.1,xAG.1,xG+xAG,npxG.1,npxG+xAG.1,Country
37.11,270.98,49.996,38.0,418.0,3.4200000000000017,38.0,44.02,29.79,73.81,39.18,4.84,6.19,90.75,4.91,48.53500000000001,43.79,34.016999999999996,778.08,664.19,1493.54,115.8,78.4,194.22,103.09,181.46,127.7,89.49,217.25,115.26,204.76,BR
27.49,265.55,50.00200000000001,38.0,418.0,3.4200000000000017,38.0,52.61,37.21,89.82,48.33,4.28,5.26,68.33,2.24,52.966,48.89499999999999,37.865,867.71,688.22,1440.88,138.43,97.94,236.3,127.14,225.11,139.39,99.62,239.08,128.67,228.31,EN
29.74,273.35,50.00000000000001,38.0,418.0,3.4200000000000017,38.0,46.73,32.67,79.4,41.82,4.91,6.44,93.64,4.84,47.851000000000006,42.867000000000004,33.73499999999999,766.06,634.67,1383.52,122.97,85.99,208.96,110.06,196.04,125.94,88.76,214.7,112.83,201.62,SP
28.31111111111111,262.6333333333333,49.99444444444443,34.0,374.0,3.0599999999999996,34.0,52.077777777777776,38.13333333333333,90.21111111111111,47.87777777777778,4.2,5.311111111111111,66.03333333333333,2.3333333333333335,50.29111111111111,46.18333333333332,36.29666666666667,824.7555555555556,558.7333333333333,1284.5777777777778,153.2111111111111,112.18888888888888,265.3666666666667,140.85555555555555,252.95555555555555,147.9,106.68888888888888,254.63333333333333,135.88888888888889,242.57777777777778,GE
30.7,267.98,50.003000000000014,38.0,418.0,3.4200000000000017,38.0,52.11,35.66,87.77,46.35,5.76,7.18,87.27,3.95,51.22100000000001,45.708,35.836000000000006,815.42,687.13,1418.58,137.11,93.82,230.95,121.94,215.79,134.81,94.33,229.17,120.3,214.6,IT
