# Pl,GA,PKA,FK,CK,OG,PSxG,PSxG/SoT,PSxG+/-,/90,Country
2.7,57.85,5.95,1.25,7.35,1.55,56.535000000000004,0.265,0.23499999999999993,0.005000000000000002,BR
2.15,71.05,5.1,1.3,8.4,2.5,60.94,0.285,-7.610000000000001,-0.20500000000000002,EN
2.55,60.7,5.85,0.7,6.9,1.0,57.40999999999999,0.29499999999999993,-2.29,-0.07,SP
1.95,66.55,4.6,1.2,7.9,2.0,58.335,0.31,-6.215,-0.185,GE
2.6,72.4,6.55,1.3,8.15,2.35,61.895,0.285,-8.155,-0.22500000000000003,IT
