Tkl,TklW,Def 3rd,Mid 3rd,Att 3rd,Tkl.1,Att,Tkl%,Lost,Blocks,Sh,Pass,Int,Tkl+Int,Clr,Err,Country
585.65,358.85,297.8,227.3,60.55,271.8,646.75,41.97,374.95,392.15,137.45,254.7,401.7,987.35,796.55,8.8,BR
645.1,370.75,331.95,240.6,72.55,288.9,653.55,44.19500000000001,364.65,469.3,163.2,306.1,392.4,1037.5,868.2,16.0,EN
599.75,351.55,310.75,224.3,64.7,264.95,623.45,42.49499999999999,358.5,387.6,109.0,278.6,362.85,962.6,761.7,11.35,SP
556.8,333.55,276.35,222.6,57.85,250.5,558.05,44.91,307.55,408.9,122.1,286.8,365.3,922.1,742.95,10.2,GE
573.95,332.3,290.4,216.25,67.3,261.85,592.3,44.275000000000006,330.45,423.1,147.3,275.8,358.9,932.85,780.75,12.45,IT
