# J,MP,Inícios,Min.,90s,GC,GC90,CaGC,Defesas,%Defesas,V,E,D,SV,%SV,PT,GPC,Psv,GPp,%Defesas.1,Country
2.7,38.0,38.0,3.4195,38.0,57.85,152.15,187.75,130.05,724.85,7.45,10.65,19.9,8.15,214.5,7.75,5.95,1.4,0.4,183.3,BR
2.15,38.0,38.0,3.4200000000000004,38.0,71.05,186.9,198.0,128.7,665.4,6.9,8.6,22.5,5.75,151.4,6.2,5.1,0.65,0.45,104.25,EN
2.55,38.0,38.0,3.4195,38.0,60.7,159.75,175.3,114.35,686.65,7.15,11.6,19.25,7.45,196.1,7.5,5.85,1.25,0.4,172.55,SP
1.95,34.0,34.0,3.0600000000000005,34.0,66.55,195.8,178.15,112.75,652.55,6.6,9.25,18.15,5.25,154.45,5.55,4.6,0.85,0.1,206.9,GE
2.6,38.0,38.0,3.4200000000000004,38.0,72.4,190.55,201.65,130.7,670.65,6.15,10.25,21.6,5.2,136.9,8.05,6.55,0.9,0.6,130.85,IT
