SCA,SCA90,PassLive,PassDead,TO,Sh,Fld,Def,GCA,GCA90,PassLive.1,PassDead.1,TO.1,Sh.1,Fld.1,Def.1,Country
816.6,21.490000000000002,579.7,80.7,45.8,44.95,52.55,12.9,55.6,1.4700000000000002,36.25,4.0,3.1,6.05,5.6,0.6,BR
711.2,18.715,502.1,69.3,41.7,44.35,42.4,11.35,60.1,1.585,39.6,4.65,4.85,5.1,4.45,1.45,EN
711.25,18.719999999999995,490.05,76.25,41.4,45.3,45.65,12.6,58.95,1.5550000000000002,38.5,4.55,3.9,5.75,4.8,1.45,SP
677.3,19.915,462.2,74.45,39.85,44.85,42.65,13.3,58.8,1.725,38.95,4.8,3.85,5.5,4.75,0.95,GE
734.95,19.334999999999997,516.95,73.1,38.65,46.9,46.0,13.35,60.9,1.5999999999999999,39.0,5.25,3.7,5.85,6.05,1.05,IT
