Cmp,Att,Cmp%,TotDist,PrgDist,Cmp.1,Att.1,Cmp%.1,Cmp.2,Att.2,Cmp%.2,Cmp.3,Att.3,Cmp%.3,Ast,xAG,xA,A-xAG,KP,1/3,PPA,CrsPA,PrgP,Country
12736.8,16347.85,77.79999999999998,234359.95,88441.7,5453.45,6252.35,87.16499999999999,5454.7,6470.4,84.145,1516.0,2743.95,55.095000000000006,20.2,28.534999999999997,27.27,-8.335,344.85,1051.4,230.55,80.5,1336.4,BR
12093.6,16266.1,74.06,212794.95,82353.55,5657.6,6602.8,85.46500000000002,4738.95,5801.15,81.29999999999998,1304.8,2814.6,46.405,25.0,29.994999999999994,25.44,-4.995,301.75,914.6,240.15,65.5,1160.65,EN
11903.7,15990.25,74.285,220097.85,86928.65,5217.55,6070.2,85.79500000000002,4795.05,5830.95,82.00000000000001,1517.55,3073.1,49.46,23.25,27.790000000000003,26.155,-4.54,294.55,907.3,223.5,88.4,1155.55,SP
10869.55,14731.3,73.47500000000001,203840.85,82744.05,4505.35,5395.95,83.16,4684.0,5710.5,81.72,1383.85,2700.05,51.160000000000004,24.15,25.695,27.179999999999996,-1.545,280.75,790.85,204.2,64.85,1048.3,GE
12254.2,16123.65,75.82500000000002,222716.9,87330.15,5383.15,6245.1,85.96,5071.55,6120.25,82.66,1447.95,2785.0,51.739999999999995,23.4,27.360000000000003,24.98,-3.960000000000001,306.35,900.65,244.75,84.45,1172.6,IT
