Cl,MP,V,E,D,GP,GC,GD,Pt,Pts/PPJ,xG,xGA,xGD,xGD/90,Público,Gols do artilheiro,Country
18.5,38.0,7.45,10.65,19.9,33.6,57.85,-24.25,33.0,86.8,41.620000000000005,56.52,-14.885000000000002,-39.25,55.4619375,9.4,BR
18.5,38.0,6.9,8.6,22.5,36.85,71.05,-34.2,29.1,76.55,41.58,64.605,-23.025,-60.65,66.97545,9.65,EN
18.5,38.0,7.15,11.6,19.25,36.3,60.7,-24.4,33.05,87.0,41.16000000000001,55.61,-14.445000000000002,-38.15,24.749235294117653,9.55,SP
16.5,34.0,6.6,9.25,18.15,35.55,66.55,-31.0,29.05,85.35,37.169999999999995,58.85999999999999,-21.675000000000004,-63.8,67.9693,8.15,GE
18.5,38.0,6.15,10.25,21.6,36.65,72.4,-35.75,28.7,75.7,40.62,64.365,-23.740000000000002,-62.45,34.28699999999999,9.9,IT
