# J,90s,Gols,TC,CaG,SoT%,Sh/90,SoT/90,G/Sh,G/SoT,Dist,FK,PB,PT,xG,npxG,npxG/Sh,G-xG,np:G-xG,Country
41.45,38.0,32.9,463.2,134.9,291.55,1218.9,354.95,6.2,20.85,200.6,23.05,4.65,5.85,41.620000000000005,37.11,8.25,-8.719999999999999,-8.86,BR
28.95,38.0,35.35,408.05,126.3,309.45,1073.85,332.45,8.0,25.2,176.15,14.7,3.0,3.8,41.58,38.589999999999996,9.6,-6.23,-6.24,EN
31.75,38.0,35.5,407.8,130.2,319.15,1073.25,342.65,7.9,24.05,184.3,18.85,4.35,5.95,41.160000000000004,36.555,9.3,-5.66,-5.404999999999999,SP
30.25,34.0,34.5,391.75,119.5,305.25,1152.2,351.5,8.0,26.25,183.55,13.9,3.4,4.45,37.17,33.705,8.9,-2.67,-2.6049999999999995,GE
34.75,38.0,35.85,420.3,126.25,300.5,1106.05,332.25,7.45,24.2,185.1,19.65,5.2,6.45,40.62,35.65,8.7,-4.77,-5.0,IT
