# Pl,Age,Poss,Gls,Ast,G+A,G-PK,PK,PKatt,CrdY,CrdR,xG,npxG,xAG,npxG+xAG,PrgC,PrgP,Country
41.45,27.25,46.405,32.9,20.2,53.1,28.25,4.65,5.85,96.25,6.35,41.620000000000005,37.11,28.534999999999997,65.64499999999998,609.45,1336.4,BR
28.95,26.345,43.805,35.35,25.0,60.35,32.35,3.0,3.8,73.05,2.55,41.58,38.589999999999996,29.994999999999994,68.59,564.65,1160.65,EN
31.75,27.6,46.03,35.5,23.25,58.75,31.15,4.35,5.95,98.55,5.35,41.160000000000004,36.555,27.790000000000003,64.37,549.25,1155.55,SP
30.25,26.25,44.82000000000001,34.5,24.15,58.65,31.1,3.4,4.45,72.2,2.55,37.17,33.705,25.695,59.395,460.25,1048.3,GE
34.75,26.875,44.825,35.85,23.4,59.25,30.65,5.2,6.45,92.8,4.3,40.62,35.65,27.360000000000003,63.0,560.5,1172.6,IT
