# J,90s,GC,GPC,TD,GC.1,OG,PSxG,PSxG/SoT,PSxG+/-,/90,Cmp,Att,Cmp%,Tent. de passes (Gol.),Pas,Lançamentos%,CompMéd,Att.1,Lançamentos%.1,CompMéd.1,Oponente,Stp,Stp%,#OPA,#OPA/90,DistMéd,Country
2.6,38.0,38.3,4.0,1.1,4.75,1.0,415.5,26.1,42.5,11.15,153.2,402.55,381.65,824.75,155.3,363.75,344.6,275.2,392.35,342.95,493.4,24.75,49.9,30.1,79.3,123.9,BR
1.95,38.0,37.7,2.7,0.7,5.35,1.3,354.3,27.25,-9.7,-2.65,110.65,301.3,374.8,1019.05,178.25,235.2,281.2,215.75,326.55,315.0,402.6,24.0,61.35,54.7,144.0,162.3684210526316,EN
1.85,38.0,33.65,3.3,0.75,3.7,1.1,347.35,25.0,21.85,5.8,145.45,375.95,394.9,975.55,176.05,284.85,302.1,268.6,412.65,370.9,474.05,25.2,52.65,34.9,91.85,146.31578947368422,SP
2.3,34.0,39.5,3.45,0.55,5.15,0.9,387.3,28.95,1.3,0.2,127.75,322.15,395.95,1107.75,174.4,231.35,290.45,220.95,289.1,314.6,383.85,19.3,49.8,60.8,178.85,171.0,GE
2.6,38.0,37.4,4.2,0.75,4.5,1.2,363.25,24.45,1.25,0.3,134.45,316.5,429.0,991.35,177.05,249.35,285.2105263157895,257.85,279.6,293.75,465.35,20.95,45.05,37.95,99.85,150.94736842105263,IT
