# J,MP,Inícios,Min.,90s,GC,GC90,CaGC,Defesas,%Defesas,V,E,D,SV,%SV,PT,GPC,Psv,GPp,%Defesas.1,Country
2.6,38.0,38.0,3.4197,38.0,38.3,100.8,145.2,107.25,762.75,20.7,8.7,8.6,14.2,373.6,5.05,4.0,0.65,0.4,181.3,BR
1.95,38.0,38.0,3.4197,38.0,37.7,99.2,120.2,83.3,708.65,23.95,7.5,6.55,14.85,390.8,3.45,2.7,0.45,0.3,121.89473684210526,EN
1.85,38.0,38.0,3.4200000000000004,38.0,33.65,88.6,124.75,91.5,757.85,23.65,8.35,6.0,16.0,420.95,4.35,3.3,0.75,0.3,178.8,SP
2.3,34.0,34.0,3.0600000000000005,34.0,39.5,116.25,123.55,84.5,705.75,21.05,6.25,6.7,11.35,333.9,4.05,3.45,0.45,0.15,129.3684210526316,GE
2.6,38.0,38.0,3.4197,38.0,37.4,98.55,129.85,92.55,743.15,23.7,7.95,6.35,14.3,376.3,5.65,4.2,1.1,0.35,198.2,IT
