Cmp,Att,Cmp%,TotDist,PrgDist,Ast,xAG,xA,A-xAG,KP,1/3,PPA,CrsPA,PrgP,Country
16024.9,19605.45,81.515,283375.25,98681.05,42.75,41.504999999999995,38.295,1.2449999999999999,408.95,1393.7,314.4,80.25,1703.95,BR
20365.3,24145.2,84.09499999999998,341000.75,108088.35,55.65,52.355,48.07000000000001,3.2950000000000004,470.1,1564.8,444.95,71.9,1948.8,EN
19438.7,22995.75,84.155,326536.4,107515.2,50.3,47.315,47.735,2.985,407.8,1453.0,379.35,75.65,1804.4,SP
17382.7,20964.4,82.52,298357.2,103639.15,59.1,51.31500000000001,55.42999999999999,7.784999999999999,407.0,1311.35,370.2,73.75,1682.7,GE
17697.9,21197.75,83.37499999999999,308463.7,105283.9,51.6,46.769999999999996,41.425000000000004,4.83,445.85,1338.45,377.2,93.15,1666.9,IT
