Cmp,Att,Cmp%,TotDist,PrgDist,Cmp.1,Att.1,Cmp%.1,Cmp.2,Att.2,Cmp%.2,Cmp.3,Att.3,Cmp%.3,Ast,xAG,xA,A-xAG,KP,1/3,PPA,CrsPA,PrgP,Squad
16024.9,19605.45,81.515,283375.25,98681.05,7216.65,8056.55,89.30000000000001,6743.7,7749.8,86.845,1658.75,2792.1,59.36,42.75,41.504999999999995,38.295,1.2449999999999999,408.95,1393.7,314.4,80.25,1703.95,BR
20365.3,24145.2,84.09499999999998,341000.75,108088.35,9774.9,10739.2,90.83,8317.2,9361.2,88.67999999999999,1666.15,2729.2,60.9,55.65,52.355,48.07000000000001,3.2950000000000004,470.1,1564.8,444.95,71.9,1948.8,EN
19438.7,22995.75,84.155,326536.4,107515.2,9498.5,10376.65,91.265,7409.65,8351.25,88.33000000000001,1823.3,2891.25,63.045,50.3,47.315,47.735,2.985,407.8,1453.0,379.35,75.65,1804.4,SP
17382.7,20964.4,82.52,298357.2,103639.15,7955.45,8899.05,88.955,7305.7,8269.3,88.075,1584.2,2591.05,61.04,59.1,51.31500000000001,55.42999999999999,7.784999999999999,407.0,1311.35,370.2,73.75,1682.7,GE
17697.9,21197.75,83.37499999999999,308463.7,105283.9,8049.6,8937.65,89.89,7359.15,8311.25,88.46499999999999,1778.5,2791.85,63.65500000000001,51.6,46.769999999999996,41.425000000000004,4.83,445.85,1338.45,377.2,93.15,1666.9,IT
