Cl,MP,V,E,D,GP,GC,GD,Pt,Pts/PPJ,xG,xGA,xGD,xGD/90,Público,Gols do artilheiro,Country
2.5,38.0,20.7,8.7,8.6,61.35,38.3,23.05,70.8,186.4,58.39,41.265,17.119999999999997,45.2,28.001812499999996,14.45,BR
2.5,38.0,23.95,7.5,6.55,79.95,37.7,42.25,79.35,208.85,72.505,37.955,34.519999999999996,90.9,161.64525,18.45,EN
2.5,38.0,23.65,8.35,6.0,69.3,33.65,35.65,79.3,208.7,63.185,37.80499999999999,25.38,66.7,47.00025,18.6,SP
2.5,34.0,21.05,6.25,6.7,79.4,39.5,39.9,69.4,204.05,68.57,39.19,29.375,86.4,63.915899999999986,21.9,GE
2.5,38.0,23.7,7.95,6.35,75.55,37.4,38.15,79.05,207.9,66.79499999999999,39.465,27.345000000000006,72.05,57.44734999999999,19.75,IT
