# J,90s,Gols,TC,CaG,SoT%,Sh/90,SoT/90,G/Sh,G/SoT,Dist,FK,PB,PT,xG,npxG,npxG/Sh,G-xG,np:G-xG,Country
35.85,38.0,59.9,542.1,186.45,343.95,1426.6,490.6,10.05,28.95,189.45,27.25,5.85,7.45,58.39000000000001,52.69499999999999,9.95,1.5100000000000002,1.3549999999999998,BR
26.5,38.0,77.3,608.6,212.75,350.8,1601.6,559.9,11.55,33.2,168.65,19.8,6.7,8.0,72.505,66.345,11.2,4.795,4.254999999999999,EN
28.2,38.0,67.45,518.6,187.7,361.0,1364.8,493.85,12.0,33.45,172.4,19.0,5.0,6.45,63.18499999999999,58.15999999999999,11.5,4.265,4.29,SP
27.75,34.0,77.55,524.3,199.95,380.45,1542.05,588.0,14.0,36.4,169.4,15.25,5.15,6.65,68.57,63.47499999999999,12.4,8.98,8.925,GE
28.6,38.0,73.85,578.2,198.6,343.3,1521.55,522.6,11.4,33.2,173.1,21.15,7.95,9.9,66.79499999999999,59.205,10.5,7.0550000000000015,6.6949999999999985,IT
