Gls,Sh,SoT,SoT%,Sh/90,SoT/90,G/Sh,G/SoT,Dist,FK,PK,PKatt,xG,npxG,npxG/Sh,G-xG,np:G-xG,Country
59.9,542.1,186.45,34.394999999999996,14.266000000000002,4.906000000000001,0.1005,0.2895,18.945000000000004,27.25,5.85,7.45,58.39000000000001,52.69499999999999,0.09950000000000002,1.5100000000000002,1.3549999999999998,BR
77.3,608.6,212.75,35.08,16.016000000000002,5.599,0.1155,0.3320000000000001,16.865000000000002,19.8,6.7,8.0,72.5,66.345,0.11199999999999999,4.8,4.254999999999999,EN
67.45,518.6,187.7,36.1,13.648000000000001,4.9385,0.12000000000000002,0.3345,17.24,19.0,5.0,6.45,63.18499999999999,58.15999999999999,0.11499999999999999,4.265,4.29,SP
77.55,524.3,199.95,38.045,15.4205,5.880000000000001,0.13999999999999999,0.364,16.940000000000005,15.25,5.15,6.65,68.57,63.47499999999999,0.124,8.98,8.925,GE
73.85,578.2,198.6,34.33,15.2155,5.226000000000001,0.11399999999999999,0.33199999999999996,17.310000000000002,21.15,7.95,9.9,66.79499999999999,59.205,0.10500000000000001,7.0550000000000015,6.6949999999999985,IT
