# J,Idade,Posse,MP,Inícios,Min.,90s,Gols,Assis.,G+A,G-PB,PB,PT,CrtsA,CrtV,xG,npxG,xAG,npxG+xAG,PrgC,PrgP,Gols.1,Assis..1,G+A.1,G-PB.1,G+A-PB,xG.1,xAG.1,xG+xAG,npxG.1,npxG+xAG.1,Country
35.85,272.5,54.6,38.0,418.0,3.4200000000000004,38.0,59.9,42.75,102.65,54.05,5.85,7.45,86.85,4.35,58.39000000000001,52.69499999999999,41.504999999999995,942.1,738.7,1703.95,157.65,112.6,270.1,142.25,254.7,153.55,109.15,262.85,138.7,247.9,BR
26.5,263.9,59.975,38.0,418.0,3.4200000000000004,38.0,77.3,55.65,132.95,70.6,6.7,8.0,58.7,1.5,72.505,66.345,52.36,1187.15,920.45,1948.8,203.3,146.6,349.75,185.75,332.2,190.8,137.7,328.6,174.65,312.4,EN
28.2,272.95,58.27,38.0,418.0,3.4200000000000004,38.0,67.45,50.3,117.75,62.45,5.0,6.45,85.65,3.35,63.18499999999999,58.15999999999999,47.315,1054.65,843.7,1804.4,177.6,132.25,309.8,164.3,296.7,166.4,124.45,290.75,153.05,277.55,SP
27.75,259.85,58.02,34.0,374.0,3.0600000000000005,34.0,77.55,59.1,136.65,72.4,5.15,6.65,56.1,1.65,68.57,63.47499999999999,51.31500000000001,1147.85,727.75,1682.7,228.15,173.95,402.0,213.0,386.7,201.6,150.9,352.55,186.7,337.55,GE
28.6,273.3,54.73,38.0,418.0,3.4200000000000004,38.0,73.85,51.6,125.45,65.9,7.95,9.9,76.4,2.75,66.79499999999999,59.205,46.769999999999996,1059.65,808.65,1666.9,194.35,135.75,330.1,173.3,309.2,175.85,123.1,299.05,155.8,278.85,IT
